 {"insertIntoStatement":"insert into  tes_house_keeping_detail ( pk , parent_id , email ) values (:PK, :PARENT_ID , :EMAIL); ","fieldTypes":[-5,-5,12],"fieldMapper":[{"P0":"PK"},{"P1":"PARENT_ID"},{"P2":"EMAIL"}]
,"details":[
{"P0":1,"P1":57,"P2":"email1@outlook.com"}
 ,{"P0":2,"P1":50,"P2":"email2@outlook.com"}
 ,{"P0":3,"P1":32,"P2":"email3@outlook.com"}
 ,{"P0":4,"P1":79,"P2":"email4@outlook.com"}
 ,{"P0":5,"P1":68,"P2":"email5@outlook.com"}
 ,{"P0":6,"P1":96,"P2":"email6@outlook.com"}
 ,{"P0":7,"P1":30,"P2":"email7@outlook.com"}
 ,{"P0":8,"P1":5,"P2":"email8@outlook.com"}
 ,{"P0":9,"P1":69,"P2":"email9@outlook.com"}
 ,{"P0":10,"P1":18,"P2":"email10@outlook.com"}
 ,{"P0":11,"P1":66,"P2":"email11@outlook.com"}
 ,{"P0":12,"P1":58,"P2":"email12@outlook.com"}
 ,{"P0":13,"P1":68,"P2":"email13@outlook.com"}
 ,{"P0":14,"P1":41,"P2":"email14@outlook.com"}
 ,{"P0":15,"P1":92,"P2":"email15@outlook.com"}
 ,{"P0":16,"P1":88,"P2":"email16@outlook.com"}
 ,{"P0":17,"P1":89,"P2":"email17@outlook.com"}
 ,{"P0":18,"P1":35,"P2":"email18@outlook.com"}
 ,{"P0":19,"P1":37,"P2":"email19@outlook.com"}
 ,{"P0":20,"P1":5,"P2":"email20@outlook.com"}
 ,{"P0":21,"P1":93,"P2":"email21@outlook.com"}
 ,{"P0":22,"P1":96,"P2":"email22@outlook.com"}
 ,{"P0":23,"P1":99,"P2":"email23@outlook.com"}
 ,{"P0":24,"P1":96,"P2":"email24@outlook.com"}
 ,{"P0":25,"P1":91,"P2":"email25@outlook.com"}
 ,{"P0":26,"P1":54,"P2":"email26@outlook.com"}
 ,{"P0":27,"P1":36,"P2":"email27@outlook.com"}
 ,{"P0":28,"P1":14,"P2":"email28@outlook.com"}
 ,{"P0":29,"P1":90,"P2":"email29@outlook.com"}
 ,{"P0":30,"P1":96,"P2":"email30@outlook.com"}
 ,{"P0":31,"P1":97,"P2":"email31@outlook.com"}
 ,{"P0":32,"P1":30,"P2":"email32@outlook.com"}
 ,{"P0":33,"P1":31,"P2":"email33@outlook.com"}
 ,{"P0":34,"P1":61,"P2":"email34@outlook.com"}
 ,{"P0":35,"P1":44,"P2":"email35@outlook.com"}
 ,{"P0":36,"P1":75,"P2":"email36@outlook.com"}
 ,{"P0":37,"P1":98,"P2":"email37@outlook.com"}
 ,{"P0":38,"P1":10,"P2":"email38@outlook.com"}
 ,{"P0":39,"P1":71,"P2":"email39@outlook.com"}
 ,{"P0":40,"P1":59,"P2":"email40@outlook.com"}
 ,{"P0":41,"P1":46,"P2":"email41@outlook.com"}
 ,{"P0":42,"P1":73,"P2":"email42@outlook.com"}
 ,{"P0":43,"P1":90,"P2":"email43@outlook.com"}
 ,{"P0":44,"P1":48,"P2":"email44@outlook.com"}
 ,{"P0":45,"P1":5,"P2":"email45@outlook.com"}
 ,{"P0":46,"P1":63,"P2":"email46@outlook.com"}
 ,{"P0":47,"P1":33,"P2":"email47@outlook.com"}
 ,{"P0":48,"P1":76,"P2":"email48@outlook.com"}
 ,{"P0":49,"P1":29,"P2":"email49@outlook.com"}
 ,{"P0":50,"P1":20,"P2":"email50@outlook.com"}
 ,{"P0":51,"P1":30,"P2":"email51@outlook.com"}
 ,{"P0":52,"P1":88,"P2":"email52@outlook.com"}
 ,{"P0":53,"P1":69,"P2":"email53@outlook.com"}
 ,{"P0":54,"P1":36,"P2":"email54@outlook.com"}
 ,{"P0":55,"P1":92,"P2":"email55@outlook.com"}
 ,{"P0":56,"P1":27,"P2":"email56@outlook.com"}
 ,{"P0":57,"P1":91,"P2":"email57@outlook.com"}
 ,{"P0":58,"P1":32,"P2":"email58@outlook.com"}
 ,{"P0":59,"P1":32,"P2":"email59@outlook.com"}
 ,{"P0":60,"P1":30,"P2":"email60@outlook.com"}
 ,{"P0":61,"P1":26,"P2":"email61@outlook.com"}
 ,{"P0":62,"P1":7,"P2":"email62@outlook.com"}
 ,{"P0":63,"P1":67,"P2":"email63@outlook.com"}
 ,{"P0":64,"P1":49,"P2":"email64@outlook.com"}
 ,{"P0":65,"P1":83,"P2":"email65@outlook.com"}
 ,{"P0":66,"P1":61,"P2":"email66@outlook.com"}
 ,{"P0":67,"P1":42,"P2":"email67@outlook.com"}
 ,{"P0":68,"P1":35,"P2":"email68@outlook.com"}
 ,{"P0":69,"P1":24,"P2":"email69@outlook.com"}
 ,{"P0":70,"P1":36,"P2":"email70@outlook.com"}
 ,{"P0":71,"P1":27,"P2":"email71@outlook.com"}
 ,{"P0":72,"P1":20,"P2":"email72@outlook.com"}
 ,{"P0":73,"P1":96,"P2":"email73@outlook.com"}
 ,{"P0":74,"P1":95,"P2":"email74@outlook.com"}
 ,{"P0":75,"P1":68,"P2":"email75@outlook.com"}
 ,{"P0":76,"P1":50,"P2":"email76@outlook.com"}
 ,{"P0":77,"P1":86,"P2":"email77@outlook.com"}
 ,{"P0":78,"P1":14,"P2":"email78@outlook.com"}
 ,{"P0":79,"P1":60,"P2":"email79@outlook.com"}
 ,{"P0":80,"P1":80,"P2":"email80@outlook.com"}
 ,{"P0":81,"P1":32,"P2":"email81@outlook.com"}
 ,{"P0":82,"P1":52,"P2":"email82@outlook.com"}
 ,{"P0":83,"P1":96,"P2":"email83@outlook.com"}
 ,{"P0":84,"P1":29,"P2":"email84@outlook.com"}
 ,{"P0":85,"P1":55,"P2":"email85@outlook.com"}
 ,{"P0":86,"P1":50,"P2":"email86@outlook.com"}
 ,{"P0":87,"P1":88,"P2":"email87@outlook.com"}
 ,{"P0":88,"P1":56,"P2":"email88@outlook.com"}
 ,{"P0":89,"P1":21,"P2":"email89@outlook.com"}
 ,{"P0":90,"P1":71,"P2":"email90@outlook.com"}
 ,{"P0":91,"P1":34,"P2":"email91@outlook.com"}
 ,{"P0":92,"P1":88,"P2":"email92@outlook.com"}
 ,{"P0":93,"P1":97,"P2":"email93@outlook.com"}
 ,{"P0":94,"P1":17,"P2":"email94@outlook.com"}
 ,{"P0":95,"P1":82,"P2":"email95@outlook.com"}
 ,{"P0":96,"P1":32,"P2":"email96@outlook.com"}
 ,{"P0":97,"P1":6,"P2":"email97@outlook.com"}
 ,{"P0":98,"P1":28,"P2":"email98@outlook.com"}
 ,{"P0":99,"P1":27,"P2":"email99@outlook.com"}
 ,{"P0":100,"P1":5,"P2":"email100@outlook.com"}
 ,{"P0":101,"P1":29,"P2":"email101@outlook.com"}
 ,{"P0":102,"P1":11,"P2":"email102@outlook.com"}
 ,{"P0":103,"P1":40,"P2":"email103@outlook.com"}
 ,{"P0":104,"P1":99,"P2":"email104@outlook.com"}
 ,{"P0":105,"P1":95,"P2":"email105@outlook.com"}
 ,{"P0":106,"P1":52,"P2":"email106@outlook.com"}
 ,{"P0":107,"P1":9,"P2":"email107@outlook.com"}
 ,{"P0":108,"P1":70,"P2":"email108@outlook.com"}
 ,{"P0":109,"P1":95,"P2":"email109@outlook.com"}
 ,{"P0":110,"P1":94,"P2":"email110@outlook.com"}
 ,{"P0":111,"P1":48,"P2":"email111@outlook.com"}
 ,{"P0":112,"P1":43,"P2":"email112@outlook.com"}
 ,{"P0":113,"P1":93,"P2":"email113@outlook.com"}
 ,{"P0":114,"P1":62,"P2":"email114@outlook.com"}
 ,{"P0":115,"P1":53,"P2":"email115@outlook.com"}
 ,{"P0":116,"P1":7,"P2":"email116@outlook.com"}
 ,{"P0":117,"P1":7,"P2":"email117@outlook.com"}
 ,{"P0":118,"P1":82,"P2":"email118@outlook.com"}
 ,{"P0":119,"P1":48,"P2":"email119@outlook.com"}
 ,{"P0":120,"P1":56,"P2":"email120@outlook.com"}
 ,{"P0":121,"P1":80,"P2":"email121@outlook.com"}
 ,{"P0":122,"P1":8,"P2":"email122@outlook.com"}
 ,{"P0":123,"P1":87,"P2":"email123@outlook.com"}
 ,{"P0":124,"P1":8,"P2":"email124@outlook.com"}
 ,{"P0":125,"P1":51,"P2":"email125@outlook.com"}
 ,{"P0":126,"P1":69,"P2":"email126@outlook.com"}
 ,{"P0":127,"P1":67,"P2":"email127@outlook.com"}
 ,{"P0":128,"P1":65,"P2":"email128@outlook.com"}
 ,{"P0":129,"P1":77,"P2":"email129@outlook.com"}
 ,{"P0":130,"P1":30,"P2":"email130@outlook.com"}
 ,{"P0":131,"P1":57,"P2":"email131@outlook.com"}
 ,{"P0":132,"P1":76,"P2":"email132@outlook.com"}
 ,{"P0":133,"P1":61,"P2":"email133@outlook.com"}
 ,{"P0":134,"P1":49,"P2":"email134@outlook.com"}
 ,{"P0":135,"P1":66,"P2":"email135@outlook.com"}
 ,{"P0":136,"P1":46,"P2":"email136@outlook.com"}
 ,{"P0":137,"P1":60,"P2":"email137@outlook.com"}
 ,{"P0":138,"P1":96,"P2":"email138@outlook.com"}
 ,{"P0":139,"P1":14,"P2":"email139@outlook.com"}
 ,{"P0":140,"P1":60,"P2":"email140@outlook.com"}
 ,{"P0":141,"P1":70,"P2":"email141@outlook.com"}
 ,{"P0":142,"P1":18,"P2":"email142@outlook.com"}
 ,{"P0":143,"P1":24,"P2":"email143@outlook.com"}
 ,{"P0":144,"P1":29,"P2":"email144@outlook.com"}
 ,{"P0":145,"P1":20,"P2":"email145@outlook.com"}
 ,{"P0":146,"P1":55,"P2":"email146@outlook.com"}
 ,{"P0":147,"P1":54,"P2":"email147@outlook.com"}
 ,{"P0":148,"P1":43,"P2":"email148@outlook.com"}
 ,{"P0":149,"P1":94,"P2":"email149@outlook.com"}
 ,{"P0":150,"P1":32,"P2":"email150@outlook.com"}
 ,{"P0":151,"P1":34,"P2":"email151@outlook.com"}
 ,{"P0":152,"P1":52,"P2":"email152@outlook.com"}
 ,{"P0":153,"P1":21,"P2":"email153@outlook.com"}
 ,{"P0":154,"P1":24,"P2":"email154@outlook.com"}
 ,{"P0":155,"P1":93,"P2":"email155@outlook.com"}
 ,{"P0":156,"P1":58,"P2":"email156@outlook.com"}
 ,{"P0":157,"P1":96,"P2":"email157@outlook.com"}
 ,{"P0":158,"P1":55,"P2":"email158@outlook.com"}
 ,{"P0":159,"P1":42,"P2":"email159@outlook.com"}
 ,{"P0":160,"P1":71,"P2":"email160@outlook.com"}
 ,{"P0":161,"P1":30,"P2":"email161@outlook.com"}
 ,{"P0":162,"P1":39,"P2":"email162@outlook.com"}
 ,{"P0":163,"P1":53,"P2":"email163@outlook.com"}
 ,{"P0":164,"P1":30,"P2":"email164@outlook.com"}
 ,{"P0":165,"P1":54,"P2":"email165@outlook.com"}
 ,{"P0":166,"P1":40,"P2":"email166@outlook.com"}
 ,{"P0":167,"P1":84,"P2":"email167@outlook.com"}
 ,{"P0":168,"P1":26,"P2":"email168@outlook.com"}
 ,{"P0":169,"P1":14,"P2":"email169@outlook.com"}
 ,{"P0":170,"P1":83,"P2":"email170@outlook.com"}
 ,{"P0":171,"P1":22,"P2":"email171@outlook.com"}
 ,{"P0":172,"P1":57,"P2":"email172@outlook.com"}
 ,{"P0":173,"P1":26,"P2":"email173@outlook.com"}
 ,{"P0":174,"P1":12,"P2":"email174@outlook.com"}
 ,{"P0":175,"P1":48,"P2":"email175@outlook.com"}
 ,{"P0":176,"P1":89,"P2":"email176@outlook.com"}
 ,{"P0":177,"P1":12,"P2":"email177@outlook.com"}
 ,{"P0":178,"P1":21,"P2":"email178@outlook.com"}
 ,{"P0":179,"P1":19,"P2":"email179@outlook.com"}
 ,{"P0":180,"P1":24,"P2":"email180@outlook.com"}
 ,{"P0":181,"P1":1,"P2":"email181@outlook.com"}
 ,{"P0":182,"P1":1,"P2":"email182@outlook.com"}
 ,{"P0":183,"P1":59,"P2":"email183@outlook.com"}
 ,{"P0":184,"P1":80,"P2":"email184@outlook.com"}
 ,{"P0":185,"P1":1,"P2":"email185@outlook.com"}
 ,{"P0":186,"P1":16,"P2":"email186@outlook.com"}
 ,{"P0":187,"P1":80,"P2":"email187@outlook.com"}
 ,{"P0":188,"P1":86,"P2":"email188@outlook.com"}
 ,{"P0":189,"P1":69,"P2":"email189@outlook.com"}
 ,{"P0":190,"P1":31,"P2":"email190@outlook.com"}
 ,{"P0":191,"P1":13,"P2":"email191@outlook.com"}
 ,{"P0":192,"P1":54,"P2":"email192@outlook.com"}
 ,{"P0":193,"P1":56,"P2":"email193@outlook.com"}
 ,{"P0":194,"P1":1,"P2":"email194@outlook.com"}
 ,{"P0":195,"P1":4,"P2":"email195@outlook.com"}
 ,{"P0":196,"P1":7,"P2":"email196@outlook.com"}
 ,{"P0":197,"P1":70,"P2":"email197@outlook.com"}
 ,{"P0":198,"P1":75,"P2":"email198@outlook.com"}
 ,{"P0":199,"P1":5,"P2":"email199@outlook.com"}
 ,{"P0":200,"P1":69,"P2":"email200@outlook.com"}
 
]}